loc,n_records,area_km2_mean,area_km2_std,area_km2_cv,ndwi_area_km2_mean,ndwi_area_km2_std,ndwi_area_km2_cv,mean_difference,mean_abs_difference,median_difference,std_difference,mean_percent_diff,median_percent_diff,better_method,cv_improvement,pearson_r
1255,378,2.238147619047619,0.7618596067031518,0.3403973894391022,1.9768999999999999,0.7244682535839154,0.366466818546166,0.26124761904761906,0.31539047619047617,0.23940000000000006,0.3705489835883346,161.75731596340998,11.396303901437376,area_km2,7.113721567067241,0.8768818413895885
1256,972,0.33512314814814814,0.729534869402213,2.176915779866412,0.09123148148148147,0.17222805742931988,1.8878138843364,0.24389166666666667,0.25689351851851855,0.014399999999999996,0.6926413209204653,6181.502689460955,83.70856785490932,ndwi_area_km2,13.280343603726962,0.326836452899684
1257,441,1.4844102040816327,0.6930737833345307,0.466901791316719,1.1147979591836736,0.4532571925623045,0.40658236663279185,0.3696122448979592,0.43593877551020405,0.1008,0.7861894983137415,58.89894621769254,9.64563641828929,ndwi_area_km2,12.919081872403861,0.10775335605059383
1258,292,0.05891917808219178,0.030258463506184833,0.5135588188955135,0.042864041095890405,0.03750385879030655,0.8749492075748835,0.01605513698630137,0.023477054794520547,0.013499999999999998,0.04161832063762241,79.40674360334638,33.33333333333333,area_km2,41.30415634994903,0.25996857229129927
1259,406,0.25702315270935966,0.6109659807513574,2.3770853882655247,0.3062793103448276,0.5887278741431422,1.9221927641155947,-0.04925615763546799,0.16647339901477834,0.0,0.49927849983159567,-1.2923124149853553,-70.78947368421053,ndwi_area_km2,19.136570625334127,0.6541707895118445
1260,487,0.4482683778234086,0.5867732898217046,1.3089776545711613,0.3050482546201233,0.4432899735503157,1.4531798390465955,0.14322012320328542,0.16242505133470228,0.0522,0.23867107883876268,528.0488612108661,44.59028885766676,area_km2,9.923216700421786,0.9300751188422222
1261,784,0.11604719387755101,0.1920395037513261,1.6548397021470382,0.05417793367346938,0.1504291734678071,2.776576426381344,0.06186926020408163,0.07276109693877551,0.0009,0.15903148506781523,1998.020165257558,176.42276422764226,area_km2,40.39999452477678,0.5922301084245959
1263,301,0.1761906976744186,0.23106457116250345,1.311445917476789,0.10455249169435216,0.23167733244486985,2.2158948934679943,0.07163820598006644,0.12012458471760797,0.036000000000000004,0.2681009835281675,299.8959254706704,95.21912350597611,area_km2,40.816420429386625,0.32865208378427424
1264,505,0.29040950495049506,0.1791320519961009,0.6168257200350135,0.14419069306930693,0.08352714802302286,0.5792825198702288,0.1462188118811881,0.15962435643564354,0.1197,0.15468957670587477,153.2053673275146,93.30357142857142,ndwi_area_km2,6.086516652167735,0.5058086292267152
1265,239,40.20655857740586,10.138873046739405,0.25216963116154295,44.145094142259424,10.162347704414946,0.23020333067285695,-3.938535564853556,6.145222594142259,-3.648600000000002,6.766379600999508,-8.072685703209634,-8.608282416836403,ndwi_area_km2,8.710922242105402,0.7778257315653936
1672,285,0.09338526315789475,0.13886663804651742,1.4870294664343695,0.17957052631578946,0.32690658016689134,1.8204912959490878,-0.08618526315789474,0.16152,0.004500000000000002,0.3209874549899638,132.85580180404176,29.41176470588237,area_km2,18.31713396579974,0.2546336275768659
1673,155,0.037695483870967744,0.20272649553637326,5.378004862076034,0.028428387096774192,0.26322489464897897,9.259227185591808,0.009267096774193549,0.020949677419354842,0.0036,0.08962778594969208,203.73350775993887,114.28571428571428,area_km2,41.917346293817104,0.9590248716630004
1674,560,0.22105124999999998,0.26461764639187757,1.1970873107113287,0.11760107142857143,0.133889003900904,1.1385015652874009,0.10345017857142857,0.10855124999999999,0.04769999999999999,0.18452322317972208,255.55714630766272,100.0,ndwi_area_km2,4.894024429104942,0.760667055712527
1675,473,1.100174841437632,1.1623667371317377,1.0565291018769687,0.8300435517970403,0.9336756568580932,1.1248514066962991,0.27013128964059197,0.40430169133192384,0.15839999999999999,0.7291867003563018,89.59284047978187,29.95260663507109,area_km2,6.073896019741292,0.779127739717048
1676,755,0.7319896688741722,0.4165367453952641,0.5690473009488145,0.6183059602649007,0.311233186315603,0.5033643637888617,0.11368370860927153,0.19487443708609273,0.0711,0.4396567616031434,20.256963576535668,13.160987074030553,ndwi_area_km2,11.54261465618671,0.29724951301633035
1677,1065,4.544172676056339,1.7566700711320185,0.38657643455938057,5.880076901408451,1.1385923343274633,0.19363561963870524,-1.3359042253521127,1.555005633802817,-1.1205000000000007,1.7444974772604918,-22.796653927671038,-19.3390452876377,ndwi_area_km2,49.91013359119758,0.33473076086717946
1678,37,66.65937567567568,33.43870682109121,0.5016354636110574,37.018800000000006,52.378680146172066,1.4149210710820463,29.64057567567568,41.91808378378379,31.075199999999995,48.85286201085758,125.68241302897887,108.03602597221251,area_km2,64.5467528992669,0.4210938905550602
1679,1523,0.17663105712409716,0.2749576301621059,1.556677713641982,0.09900236375574524,0.09412313625028129,0.9507160504015663,0.07762869336835193,0.08638877216021013,0.0225,0.23863188379441647,113.4375008369134,24.080536912751686,ndwi_area_km2,38.926597196713,0.5316039537345973
1680,544,0.020792647058823527,0.08582038172865464,4.127438968490357,0.01135919117647059,0.023984228014497646,2.1114380101444667,0.00943345588235294,0.010479044117647059,0.0,0.07738018328010175,51.89673855418068,5.194805194805204,ndwi_area_km2,48.8438708297426,0.4743367275867034
1681,647,0.06349103554868624,0.08761836212127298,1.3800115459462843,0.061506027820710976,0.05563726737434787,0.9045823530748817,0.001985007727975271,0.019072488408037096,-0.0009,0.057450818980317654,16.009500516776445,-8.738687782805425,ndwi_area_km2,34.45110254823246,0.7663714845513201
1682,1041,0.02576455331412104,0.12019273457346494,4.6650424367182675,0.015284438040345823,0.07028208415909704,4.5982772787312,0.010480115273775216,0.012568876080691642,0.0,0.09186135601664865,62.03808403678912,3.5714285714285774,ndwi_area_km2,1.431180078053795,0.6479722399500926
1683,748,0.1555014705882353,0.262808331694428,1.6900697511108373,0.15768048128342246,0.24079339473740893,1.5270970305106777,-0.002179010695187166,0.041569652406417114,0.0,0.09735375136880724,152.3557361991087,-10.693802200953513,ndwi_area_km2,9.642958256192804,0.9289448584920674
1684,1045,0.06814248803827751,0.11053295305147162,1.6220856653983962,0.04028727272727273,0.032740365210342154,0.8126726629518993,0.027855215311004784,0.031084880382775126,0.0053999999999999986,0.09681907082372312,100.20591383722876,14.285714285714283,ndwi_area_km2,49.8995225537425,0.5409854347542614
1685,685,0.4571960583941606,0.5703930462595798,1.2475895970385402,0.31708642335766424,0.3334217397320271,1.0515169214795965,0.14010963503649634,0.167314598540146,0.009000000000000008,0.43230615480927137,818.2708174136499,5.37931034482759,ndwi_area_km2,15.716119790063196,0.6562934581812956
1911,963,0.10436261682242992,0.14828644540222352,1.4208770335313532,0.047155140186915884,0.030543981479697342,0.6477338707641541,0.057207476635514024,0.05878130841121496,0.013499999999999998,0.13754608256761333,128.5799961896315,31.339285714285715,ndwi_area_km2,54.41309448472684,0.441891306951481
1912,1241,0.058783561643835615,0.11182566682931334,1.902328877362946,0.04566647864625302,0.048355152388441736,1.058876309754821,0.013117082997582597,0.026168170829975825,0.0,0.09433987362893244,88.28211322015486,0.0,ndwi_area_km2,44.33789433808833,0.549547549993986
1913,1354,0.24557437223042836,0.4816052223248022,1.9611379556857846,0.12315576070901035,0.22696796681500636,1.8429342282354224,0.12241861152141802,0.12702230428360414,0.02429999999999999,0.3406479905194357,815.3313926018695,28.736382873115808,ndwi_area_km2,6.027303031266248,0.7657972300136677
1914,660,0.20216727272727272,0.330132151938718,1.6329653533194375,0.13809818181818181,0.16307711274359232,1.1808780578899831,0.06406909090909091,0.08287090909090909,0.01529999999999998,0.23099498003943972,459.6343080081427,12.811387900355864,ndwi_area_km2,27.685051278673267,0.7636263577850915
1915,650,0.2715549230769231,0.3477770464032981,1.280687687274164,0.14545246153846153,0.14143157863295402,0.972356033971661,0.12610246153846152,0.14169046153846154,0.030599999999999995,0.2818322518920897,812.9399289731228,21.01170568561873,ndwi_area_km2,24.07547572810362,0.6253967171105882
2035,964,0.12794190871369293,0.08303625393268523,0.6490152817596531,0.133419398340249,0.08024240576865885,0.6014298277977761,-0.005477489626556013,0.03812209543568465,0.0,0.06126237787087156,-4.334953402622717,6.250000000000002,ndwi_area_km2,7.331946611928789,0.7189511348663274
2036,584,0.03561626712328767,0.06754503986779162,1.8964660062207177,0.038183732876712326,0.02846120272980961,0.7453750742942071,-0.002567465753424658,0.020900342465753424,-0.008099999999999996,0.05589030210493883,-8.587294813454854,-24.32432432432433,ndwi_area_km2,60.69662879011513,0.5848500079632295
2037,367,4.961042779291553,1.3845020106061898,0.2790747978198042,4.238242234332425,0.9562449562070887,0.22562300674107386,0.7228005449591279,0.7556272479564032,0.5292000000000003,0.8767311996857614,17.094550724772386,12.169141381536482,ndwi_area_km2,19.153213223231873,0.7789699765973405
2038,435,0.3478365517241379,0.7351999675138198,2.1136363153027458,0.49078551724137925,0.6997943587650244,1.425865951991509,-0.14294896551724137,0.3385282758620689,-0.0504,0.5967016901827075,422.29241696277387,-89.4651922507797,ndwi_area_km2,32.53967384699881,0.6551923414570554
2039,573,0.9189471204188482,1.7187566315232516,1.870354227498811,0.13174712041884817,0.6106813248356765,4.6352536806437135,0.7872,0.8549937172774869,0.0729,1.4739227056761464,4135.159870474534,1750.0,area_km2,59.64936643469601,0.550016226039815
2069,539,6.842823562152134,2.5262341513662774,0.3691800801848751,5.540930983302411,2.768409761533817,0.49962899192868787,1.3018925788497218,1.5761037105751392,0.33389999999999986,3.4884502600789933,24.651547755235654,5.930250422491925,area_km2,26.109155763809593,0.13416928453255156
2338,1384,1.8892684248554912,2.0163015591004183,1.067239325324904,0.9999013005780346,1.2478409987559238,1.2479641720983434,0.8893671242774565,0.9252929913294798,0.49635000000000007,1.07836434689409,118.26616890539867,89.76034858387798,area_km2,14.481573334718922,0.8862614012384831
234,383,125.28918093994777,69.59207687093429,0.5554516068254162,126.79820600522193,64.99078943235554,0.5125529096971532,-1.5090250652741537,24.47215143603133,-4.643100000000004,37.05485418842084,-1.1982462109223821,-4.673815097524112,ndwi_area_km2,7.723210555361032,0.8505486405650515
235,648,2.7605208333333335,3.2224181476802234,1.1673225243473886,1.5824416666666665,1.860362425383554,1.17562780642797,1.1780791666666668,1.2216652777777777,0.5049000000000001,1.697912234115327,195.6127045086338,60.78431372549019,area_km2,0.7064550561981118,0.9142841369855033
2453,20,52.500240000000005,10.419660704466848,0.19846882041809422,52.45775999999999,10.202813998954563,0.19449580002948208,0.04247999999999976,0.7487099999999998,0.33704999999999785,0.9353282478135122,0.035650023271816635,0.6875743115608977,ndwi_area_km2,2.001836046711305,0.9961065867423374
276,562,4.1727891459074735,4.551793489238045,1.0908275808046246,5.898958718861209,4.239785694194422,0.7187345930457555,-1.7261695729537367,1.7495279359430604,-0.9198000000000008,2.115925082598342,-49.737573039846154,-44.841041417186275,ndwi_area_km2,34.11107257522798,0.8865258742091296
445,919,0.9135293797606093,0.4933712446203592,0.5400715680864553,0.866871381936888,0.44863554874333833,0.5175341556909315,0.04665799782372144,0.11932198041349293,0.03869999999999996,0.19164008573488728,32.84440452793082,4.326020364310434,ndwi_area_km2,4.1730418202492645,0.9215595205938256
446,656,0.4848077743902439,0.2015509818267935,0.41573380723997205,0.44261615853658526,0.1591103682848952,0.35947708915770105,0.042191615853658535,0.08179435975609756,0.006300000000000028,0.18407352100643276,9.452764615120778,1.6272098422199923,ndwi_area_km2,13.531908423747268,0.4997972407668865
447,584,25.202605993150684,3.517765424635347,0.13957943180920937,22.696013527397263,2.9401248592706795,0.1295436687910649,2.506592465753425,3.2705198630136985,2.4902999999999977,4.209502403685343,11.866813780195649,10.845309858881777,ndwi_area_km2,7.190001340500017,0.15948963952716474
448,947,1.9034866948257656,0.5065686221797786,0.2661266945320818,2.06150464625132,0.4439160977231092,0.21533596760518336,-0.1580179514255544,0.20616177402323124,-0.09360000000000013,0.4074644188863344,-8.763790572008732,-4.906094288999625,ndwi_area_km2,19.085168068615374,0.6395716304328847
449,897,3.038406020066889,2.644746672230862,0.8704388599692937,1.145391973244147,1.3849747678377056,1.2091710088686731,1.8930140468227425,2.0790160535117055,1.2861000000000002,2.3746953863871383,168.5310548945966,143.3457711442786,area_km2,28.013585044211787,0.44686659048781
450,553,0.13368661844484628,0.1261086061506005,0.9433151022712706,0.12572007233273055,0.11510240326629118,0.9155451562393421,0.007966546112115733,0.028967631103074144,0.0009000000000000119,0.06075523939807301,11.46900945846354,5.666666666666659,ndwi_area_km2,2.94386742723246,0.8770250314491249
451,740,0.5938358108108108,0.8290180378405352,1.396039145413968,0.9950570270270271,1.509068544009479,1.5165648832390897,-0.4012212162162163,0.49469229729729736,-0.023400000000000004,1.2808555237691062,-4.088001282538401,-17.56630265210608,area_km2,7.9472852864495955,0.5291447785520185
452,478,12.43783619246862,3.704692083568381,0.29785663890730874,11.329425941422594,4.002550477941045,0.3532880217087557,1.108410251046025,1.262137029288703,0.99045,1.310498863260661,13.795400522110123,8.50037898825969,area_km2,15.690139318435081,0.945081474062176
453,277,11.994092057761733,3.1335063886814893,0.2612541552616902,10.200229602888086,3.735499245477246,0.36621717264281767,1.7938624548736462,3.112502166064982,2.168099999999999,4.644741579116503,26.188131732206276,22.468036201695167,area_km2,28.661413287546996,0.09394075044650689
454,636,46.58905471698113,32.03135368393961,0.6875295899116961,43.7075858490566,28.28303626231326,0.6470967387672301,2.881468867924528,5.693668867924529,0.23939999999999984,9.887319395202413,5.754854579373794,0.931840340107576,ndwi_area_km2,5.880888871947911,0.9538000102218385
455,821,8.108918879415347,3.2599044146987506,0.40201467830367416,7.477158343483556,2.5791809978465765,0.3449413372520548,0.6317605359317905,1.0137771010962242,0.5859000000000005,1.4133890878696427,6.693352632908956,7.265484207531073,ndwi_area_km2,14.196830148701006,0.9087591818088461
456,903,21.871385382059806,4.460444919358727,0.20393975239526643,24.36669368770764,1.1237256190410352,0.04611727932575133,-2.4953083056478405,2.5755966777408634,-1.0889999999999986,4.230051648309978,-10.30948388136411,-4.4308211886494675,ndwi_area_km2,77.38681214226004,0.32569684847295083
457,292,9.607734246575342,2.3476107019761097,0.2443459239948181,11.726528424657534,1.022053518000215,0.08715738204762535,-2.1187941780821915,2.2809482876712326,-1.7806500000000005,2.2999468005053925,-18.068836914225564,-15.721324179003572,ndwi_area_km2,64.33033110489957,0.2638415181327891
458,672,1.4371138392857143,1.2292466170569247,0.8553578592409176,0.6672147321428571,0.4802599562528173,0.7197981895729321,0.7698991071428571,0.8230232142857142,0.4356,1.0495307839824293,109.17101858698227,62.103959962245554,ndwi_area_km2,15.848298838136257,0.5421981952204067
592,453,1.9982662251655627,1.444420355733002,0.722836795989647,1.4554728476821193,0.8240066651397602,0.566143618860368,0.5427933774834437,0.7148185430463577,0.2016,0.9793711106344856,31.17126416432828,17.72151898734177,ndwi_area_km2,21.677531912960788,0.7587595215461953
593,363,37.247506611570245,6.183215406855924,0.1660034716239294,38.87202396694215,6.317949634505466,0.1625320472090269,-1.6245173553719008,4.434287603305785,-0.6813000000000002,6.381373516676394,-3.170481731161753,-1.7119628339140522,ndwi_area_km2,2.0911757934597897,0.4790282744993833
594,381,0.5305370078740157,0.5938164139215104,1.1192742544032317,0.6596858267716535,0.5594630914486922,0.8480750514022293,-0.1291488188976378,0.15915354330708661,-0.05940000000000001,0.22976509727596334,-36.59181511704199,-21.72351885098742,ndwi_area_km2,24.229915227130718,0.9223224024664328
595,1168,0.7306435787671232,0.6661168714163211,0.9116851099140796,0.9938912671232877,0.5671307253316366,0.5706164689152929,-0.26324768835616436,0.3184682363013699,-0.17639999999999995,0.3928727312059759,-28.860479501714043,-25.53619302949062,ndwi_area_km2,37.41079428520338,0.8086816305838276
596,590,0.08975593220338983,0.13974139281643513,1.55690425564047,0.11782525423728815,0.13719709388310386,1.1644116091343437,-0.028069322033898305,0.04221305084745763,-0.0027,0.07580861451835953,-47.04306713068631,-73.4567901234568,ndwi_area_km2,25.2098126833538,0.850291082124141
597,429,38.92711888111887,5.890508277256928,0.15132145523654586,38.40302097902097,5.9554216187623865,0.15507690454914339,0.5240979020979023,1.117011188811189,0.31679999999999353,2.611543755141574,2.9054165140779165,0.8254465238739109,area_km2,2.4216689928882578,0.9028526567628004
598,268,0.34079440298507463,0.23849037780513233,0.6998072025718604,0.39538544776119405,0.25931173879584946,0.6558454294768816,-0.054591044776119396,0.12394477611940301,-0.06615000000000003,0.2180097960080204,-4.65163561463429,-20.692978045919226,ndwi_area_km2,6.281983513947111,0.6192416920052689
599,403,0.6664332506203474,0.3683969096246591,0.5527889091394194,0.6316660049627791,0.3384336907659206,0.5357794912294873,0.034767245657568245,0.1404714640198511,0.027000000000000024,0.32957192696570387,10.770349270198468,4.644808743169392,ndwi_area_km2,3.0770186645770936,0.568007488590822
600,207,2.6134521739130436,1.2042854497776772,0.4608025590820499,2.1870608695652174,0.9139505798419382,0.41788986880078444,0.42639130434782613,0.4970000000000001,0.32130000000000014,0.5780774111847624,19.64105062593971,13.697674418604652,ndwi_area_km2,9.312598082517269,0.8864864034895199
641,134,9.29428656716418,1.3493073906842148,0.14517600473512274,10.225752985074626,0.9242342117390575,0.09038299801374604,-0.9314664179104478,0.9647664179104479,-0.7092,1.3659064028493926,-8.85931189152773,-7.102231742676538,ndwi_area_km2,37.74246771795926,0.32441446119396833
654,499,0.2649769539078156,0.1309852018449003,0.4943267703593178,0.2695364729458918,0.0710877445279639,0.2637407240326783,-0.004559519038076153,0.041526252505010026,-0.009000000000000008,0.10951407679670994,-0.15844245388847775,-3.8250300120048015,ndwi_area_km2,46.646481670217945,0.548639882365267
655,893,4.83906718924972,5.028028241602318,1.0390490656489304,6.067085442329227,5.253560370895137,0.8659117167267438,-1.2280182530795074,2.1385582306830906,-0.441,4.871776390807764,6.565600406872234,-9.379424256724876,ndwi_area_km2,16.663058044718507,0.5517074444690975
703,600,1.014921,0.9862315326461848,0.9717323147773914,0.799536,0.7792581725396167,0.9746380057178372,0.215385,0.512676,-0.048149999999999984,1.0010389046665935,39.22696617695823,-12.188407347957906,area_km2,0.29813027230614747,0.3759240448049469
704,779,0.33313632862644416,0.08742761002526554,0.2624379346009446,0.3907328626444159,0.12391913037294118,0.31714540091221616,-0.05759653401797176,0.08393337612323493,-0.023399999999999976,0.13436486192110245,-8.828086301958717,-6.803346783764544,area_km2,17.249963629904325,0.2282464010688412
705,178,9.023708426966293,1.6662739094920764,0.1846551141338535,7.276176404494382,1.727295278688357,0.23739051703329145,1.7475320224719102,1.7582814606741575,1.5916499999999996,1.1328119265055319,27.25460628086261,20.196215592961437,area_km2,22.214620684297337,0.7777147539626916
706,550,139.86996872727272,1.6160019448502412,0.011553601960126435,141.09995945454543,2.579668623317896,0.01828256105310166,-1.2299907272727286,1.5470427272727276,-1.296900000000008,2.963415412763183,-0.8199312382616211,-0.9162133794094705,area_km2,36.80534184150119,0.058089552017135185
707,343,14.97577696793003,5.378520424639953,0.3591480052192163,10.755034110787172,4.46903587355217,0.4155296791731957,4.220742857142857,4.310212827988338,3.4578000000000024,3.533783760027144,47.955146145031904,32.56427158866183,area_km2,13.56862741216594,0.757445559255473
708,477,2.020603773584906,2.097244042131158,1.0379293899913287,0.7109471698113208,1.028873559728789,1.447187081428066,1.3096566037735848,1.3232830188679243,0.9837,1.4031754636200164,1087.3554107789485,362.7539503386005,area_km2,28.27952907324788,0.8082569516900366
870,854,0.2892888758782201,0.17852516310604744,0.6171172761623918,0.23936416861826695,0.1229537323914152,0.5136680778128463,0.04992470725995316,0.07649051522248244,0.030149999999999996,0.12847358092203934,67.30486519105361,15.30249110320285,ndwi_area_km2,16.76329643416485,0.6943719309068371
871,1002,0.945435628742515,0.6054395702997692,0.6403815890723724,0.6381844311377246,0.4933486501517149,0.7730502752506773,0.3072511976047904,0.3402799401197605,0.2115,0.3448942208272021,102.18024771718405,45.620977263206,area_km2,17.161715146571073,0.8219112562334573
880,871,0.14563363949483352,0.11140953953440248,0.7649986632268078,0.15455304247990814,0.10702515822742914,0.6924817299623356,-0.008919402985074628,0.02772537313432836,-0.002700000000000008,0.049310335841409446,-14.064138611711941,-4.878048780487802,ndwi_area_km2,9.479354246005038,0.8988442396817878
1262,690,0.019895217391304346,0.05291605799139708,2.659737611840584,0.05073130434782608,0.09611400149180375,1.8945698859391225,-0.030836086956521742,0.03751434782608696,-0.0144,0.09092101718732856,-52.34171222060119,-70.0,ndwi_area_km2,28.768541772507874,0.3707627145599781
